S. No.,Pressure (hPa),Height (m),Temp (K),Temp Gradient,Windshear,Cn^2
1162,247,11123,235.05,-0.01,0,2.00E+01
1,1000,26,302.55,0.014,1.0956,1.40E+01
10,809,1918,298.05,0.005,0.432,1.50E+01
100,185,13070,222.35,-0.009,0,1.90E+01
1000,250,11090,237.45,-0.006,0.108,1.70E+01
1001,231,11625,233.25,-0.008,0.3705,1.80E+01
1002,207,12367,227.45,-0.008,0.1236,1.80E+01
1003,997,40,316.25,-0.011,0.5556,1.70E+01
1004,969,306,313.15,-0.012,0.4011,1.70E+01
1005,942,570,310.15,-0.011,0.1698,1.80E+01
1006,925,738,309.55,-0.004,0.1851,1.60E+01
1007,884,1146,306.45,-0.008,0.108,1.70E+01
1008,850,1499,303.75,-0.008,0.0462,1.80E+01
1009,832,1689,302.45,-0.007,0.2469,1.70E+01
101,154,14237,211.85,-0.009,0.0927,1.90E+01
1010,822,1797,301.75,-0.006,0.1389,1.70E+01
1011,773,2329,296.95,-0.009,0.2007,1.80E+01
1012,723,2909,291.65,-0.009,0.108,1.80E+01
1013,700,3189,289.15,-0.009,0.4476,1.80E+01
1014,689,3321,287.85,-0.01,0.1236,1.90E+01
1015,671,3540,285.65,-0.01,0,2.00E+01
1016,660,3678,284.35,-0.009,0,1.80E+01
1017,630,4064,280.55,-0.01,0.0462,2.00E+01
1018,609,4345,277.75,-0.01,0.0618,2.00E+01
1019,605,4398,277.35,-0.008,0,1.80E+01
102,150,14400,211.05,-0.005,0.0927,1.70E+01
1020,568,4907,273.45,-0.008,0.4476,1.70E+01
1021,559,5035,272.45,-0.008,0.9723,1.60E+01
1022,557,5064,272.25,-0.007,1.5894,1.50E+01
1023,554,5107,272.45,0.005,1.4352,1.40E+01
1024,547,5208,272.85,0.004,0,1.60E+01
1025,544,5252,272.55,-0.007,0,1.70E+01
1026,523,5564,270.75,-0.006,0.3396,1.70E+01
1027,513,5717,269.85,-0.006,0.3087,1.70E+01
1028,500,5920,268.65,-0.006,0.2316,1.70E+01
1029,486,6143,267.65,-0.004,0.2778,1.60E+01
103,149,14441,210.85,-0.005,0,1.80E+01
1030,466,6472,266.25,-0.004,0.4167,1.60E+01
1031,457,6625,265.55,-0.005,0.7098,1.60E+01
1032,453,6694,265.25,-0.004,0,1.70E+01
1033,438,6957,266.05,0.003,0.1236,1.60E+01
1034,435,7010,265.75,-0.006,0,1.70E+01
1035,424,7208,264.55,-0.006,0.1542,1.70E+01
1036,400,7660,261.85,-0.006,0.1389,1.70E+01
1037,397,7716,261.45,-0.007,0.2778,1.70E+01
1038,339,8901,253.95,-0.006,0,1.70E+01
1039,326,9194,252.05,-0.006,0.0462,1.70E+01
104,142,14732,208.55,-0.008,0.216,1.80E+01
1040,319,9353,250.75,-0.008,0,1.80E+01
1041,300,9800,247.25,-0.008,0.0309,1.80E+01
1042,273,10473,242.05,-0.008,0.0618,1.80E+01
1043,261,10794,239.55,-0.008,0.0462,1.80E+01
1044,253,11017,237.85,-0.008,0.0618,1.80E+01
1045,250,11100,237.25,-0.007,0.1851,1.80E+01
1046,248,11154,236.85,-0.007,0,1.80E+01
1047,243,11292,235.85,-0.007,0.5556,1.70E+01
1048,221,11934,231.15,-0.007,0,1.80E+01
1049,200,12610,226.25,-0.007,0.1389,1.80E+01
105,1000,47,302.75,0.006,0,1.60E+01
1050,1000,28,303.75,0.013,2.9013,1.10E+01
1051,997,55,304.95,0.044,1.1421,1.30E+01
1052,995,73,305.75,0.044,1.713,1.20E+01
1053,990,119,309.75,0.087,1.6821,1.20E+01
1054,984,174,310.35,0.011,1.6821,1.30E+01
1055,973,277,310.35,0,0.4476,1.50E+01
1056,969,314,310.35,0,0.4167,1.50E+01
1057,933,659,308.85,-0.004,0.4011,1.60E+01
1058,925,737,308.55,-0.004,0.4011,1.60E+01
1059,867,1317,303.75,-0.008,0.216,1.70E+01
106,990,137,303.75,0.011,0.3396,1.50E+01
1060,850,1495,302.35,-0.008,0.3396,1.70E+01
1061,815,1859,299.25,-0.009,0.1236,1.80E+01
1062,733,2776,291.35,-0.009,0.1236,1.80E+01
1063,707,3089,288.65,-0.009,0.3396,1.80E+01
1064,700,3175,287.95,-0.008,0.3549,1.70E+01
1065,639,3937,281.15,-0.009,0.2622,1.80E+01
1066,636,3975,280.85,-0.008,0.4011,1.70E+01
1067,614,4265,278.15,-0.009,0.324,1.80E+01
1068,591,4573,276.05,-0.007,0.3549,1.70E+01
1069,581,4710,275.15,-0.007,0.6789,1.60E+01
107,964,378,306.45,0.011,0.324,1.50E+01
1070,554,5094,272.55,-0.007,0.2778,1.70E+01
1071,547,5197,271.85,-0.007,0.1542,1.70E+01
1072,530,5448,271.05,-0.003,0.2469,1.60E+01
1073,516,5660,270.25,-0.004,0.648,1.60E+01
1074,500,5910,269.45,-0.003,0.1851,1.60E+01
1075,458,6592,266.95,-0.004,0.1851,1.70E+01
1076,429,7100,265.05,-0.004,0.1851,1.70E+01
1077,417,7321,264.25,-0.004,0,1.70E+01
1078,403,7583,262.45,-0.007,0.0618,1.80E+01
1079,400,7640,262.05,-0.007,0,1.80E+01
108,957,443,307.15,0.011,0.2316,1.50E+01
1080,355,8532,255.85,-0.007,0.0309,1.80E+01
1081,311,9521,248.95,-0.007,0.108,1.80E+01
1082,300,9790,247.05,-0.007,0.3396,1.70E+01
1083,292,9985,246.25,-0.004,0.1542,1.70E+01
1084,284,10181,244.55,-0.009,0.2316,1.90E+01
1085,270,10537,241.35,-0.009,0.0927,1.90E+01
1086,256,10913,237.95,-0.009,0.0462,1.90E+01
1087,252,11024,236.95,-0.009,0.2778,1.90E+01
1088,250,11080,236.45,-0.009,0.2778,1.90E+01
1089,223,11862,230.35,-0.008,0.1389,1.80E+01
109,950,509,307.05,-0.002,0.2316,1.60E+01
1090,221,11923,229.85,-0.008,0,1.80E+01
1091,205,12425,226.55,-0.007,0.1236,1.80E+01
1092,996,49,315.25,-0.014,0.4167,1.60E+01
1093,949,499,308.75,-0.014,0.2469,1.60E+01
1094,925,734,306.75,-0.009,0.2007,1.80E+01
1095,883,1148,303.05,-0.009,0,1.80E+01
1096,850,1488,299.95,-0.009,0.0462,1.80E+01
1097,780,2237,293.35,-0.009,0.0153,1.80E+01
1098,727,2836,289.45,-0.007,0,1.70E+01
1099,700,3158,287.35,-0.007,0.3858,1.70E+01
11,800,2016,298.45,0.004,0.7869,1.50E+01
110,925,750,306.75,-0.001,0.7098,1.50E+01
1100,637,3935,281.35,-0.008,0.2316,1.70E+01
1101,585,4637,275.95,-0.008,0.1389,1.80E+01
1102,581,4692,275.65,-0.005,0,1.70E+01
1103,525,5503,271.65,-0.005,0.2316,1.70E+01
1104,500,5890,270.65,-0.003,0.2469,1.60E+01
1105,472,6345,269.45,-0.003,0.3087,1.60E+01
1106,450,6723,268.45,-0.003,0.0771,1.70E+01
1107,434,7005,266.75,-0.006,0.0618,1.70E+01
1108,411,7429,264.15,-0.006,0.2622,1.70E+01
1109,400,7640,262.85,-0.006,0.0771,1.70E+01
111,919,809,306.55,-0.003,0.2622,1.60E+01
1110,386,7914,261.25,-0.006,0.108,1.70E+01
1111,379,8050,260.15,-0.008,0.108,1.80E+01
1112,362,8392,257.45,-0.008,0.0462,1.80E+01
1113,344,8771,254.45,-0.008,0.2469,1.80E+01
1114,329,9103,251.85,-0.008,0.1851,1.80E+01
1115,300,9790,246.45,-0.008,0,1.80E+01
1116,290,10033,244.45,-0.008,0.1851,1.80E+01
1117,279,10309,242.05,-0.009,0.0618,1.90E+01
1118,277,10361,241.65,-0.008,0,1.80E+01
1119,262,10751,239.05,-0.007,0.0771,1.80E+01
112,878,1216,303.15,-0.008,0.2622,1.70E+01
1120,250,11080,236.85,-0.007,0,1.80E+01
1121,219,11976,229.25,-0.008,0.0927,1.80E+01
1122,213,12164,227.65,-0.009,0.0771,1.90E+01
1123,993,76,305.75,0.041,1.4505,1.30E+01
1124,985,149,306.55,0.011,1.2654,1.40E+01
1125,984,159,306.55,0,1.5432,1.40E+01
1126,944,537,307.35,0.002,0.5247,1.50E+01
1127,938,595,306.95,-0.007,0.5247,1.60E+01
1128,925,722,306.15,-0.006,0.6018,1.60E+01
1129,894,1026,303.65,-0.008,0.3087,1.70E+01
113,850,1505,300.75,-0.008,0.0462,1.80E+01
1130,857,1402,300.55,-0.008,0.1236,1.70E+01
1131,850,1475,299.95,-0.008,0.4167,1.70E+01
1132,840,1579,300.35,0.004,0.4476,1.50E+01
1133,798,2028,296.15,-0.009,0.3705,1.80E+01
1134,785,2171,296.75,0.004,0.432,1.50E+01
1135,767,2371,294.95,-0.009,0.3858,1.80E+01
1136,725,2856,290.45,-0.009,0.0927,1.80E+01
1137,724,2868,290.35,-0.008,0,1.80E+01
1138,700,3154,288.35,-0.007,0.1542,1.70E+01
1139,647,3804,283.05,-0.008,0.2316,1.70E+01
114,848,1526,300.75,0,0.7407,1.50E+01
1140,586,4622,276.35,-0.008,0.0309,1.80E+01
1141,576,4764,275.15,-0.008,0.216,1.70E+01
1142,532,5396,271.15,-0.006,0.2007,1.70E+01
1143,518,5609,269.85,-0.006,0.2931,1.70E+01
1144,500,5890,268.05,-0.006,0.432,1.70E+01
1145,499,5906,268.05,0,0,1.60E+01
1146,488,6081,268.65,0.003,0.1698,1.60E+01
1147,477,6261,269.25,0.003,0.0927,1.60E+01
1148,474,6310,268.95,-0.006,0,1.70E+01
1149,451,6700,266.45,-0.006,0.1236,1.70E+01
115,835,1662,300.75,0,0.9105,1.50E+01
1150,445,6805,267.45,0.01,0,1.60E+01
1151,438,6928,266.45,-0.008,0.1236,1.80E+01
1152,419,7271,263.75,-0.008,0.1851,1.80E+01
1153,401,7611,260.95,-0.008,0.0462,1.80E+01
1154,400,7630,260.85,-0.005,0,1.70E+01
1155,375,8118,256.65,-0.009,0.2778,1.80E+01
1156,368,8261,255.45,-0.008,0,1.80E+01
1157,300,9760,245.45,-0.007,0.0309,1.80E+01
1158,296,9855,244.75,-0.007,0.4938,1.70E+01
1159,271,10478,240.55,-0.007,0.0927,1.80E+01
116,831,1704,300.75,0,0.3705,1.60E+01
1160,265,10636,239.45,-0.007,0.0927,1.80E+01
1161,250,11040,235.85,-0.009,0.0771,1.90E+01
1163,230,11611,230.45,-0.009,0,1.90E+01
1164,215,12066,229.05,-0.003,0,1.70E+01
1165,980,201,311.35,-0.019,0.4938,1.50E+01
1166,925,733,306.15,-0.01,0.0309,1.90E+01
1167,872,1258,301.55,-0.009,0.1542,1.80E+01
1168,857,1413,300.15,-0.009,0.0927,1.80E+01
1169,850,1485,299.95,-0.003,0,1.60E+01
117,799,2048,298.95,-0.005,0.4476,1.60E+01
1170,821,1790,298.35,-0.005,0.2007,1.60E+01
1171,808,1930,297.55,-0.006,0,1.70E+01
1172,792,2101,296.05,-0.009,0.0927,1.80E+01
1173,778,2254,294.75,-0.008,0,1.80E+01
1174,745,2626,291.45,-0.009,0,1.80E+01
1175,700,3161,286.75,-0.009,0.324,1.80E+01
1176,647,3810,280.75,-0.009,0.1389,1.80E+01
1177,598,4458,274.75,-0.009,0.1698,1.80E+01
1178,591,4553,274.15,-0.006,0.1698,1.70E+01
1179,587,4608,274.55,0.007,0.2778,1.50E+01
118,778,2281,297.65,-0.006,0.324,1.70E+01
1180,581,4690,274.55,0,0.1851,1.60E+01
1181,562,4956,272.45,-0.008,0.1698,1.80E+01
1182,550,5128,271.05,-0.008,0.6327,1.70E+01
1183,531,5406,269.65,-0.005,0.6636,1.60E+01
1184,523,5526,270.45,0.007,0.648,1.50E+01
1185,521,5556,270.25,-0.007,0.5094,1.70E+01
1186,500,5880,267.85,-0.007,0,1.70E+01
1187,491,6022,266.75,-0.008,0.108,1.80E+01
1188,489,6054,266.45,-0.009,0,1.90E+01
1189,480,6200,266.65,0.001,0.108,1.60E+01
119,762,2462,296.65,-0.006,0.6018,1.60E+01
1190,466,6430,265.75,-0.004,0.0618,1.70E+01
1191,455,6615,265.05,-0.004,0.0771,1.70E+01
1192,430,7055,263.45,-0.004,0.0309,1.70E+01
1193,400,7610,260.25,-0.006,0.0309,1.70E+01
1194,389,7817,258.65,-0.008,0.216,1.80E+01
1195,371,8169,255.95,-0.008,0.2622,1.80E+01
1196,353,8539,253.05,-0.008,0.0771,1.80E+01
1197,340,8818,250.85,-0.008,0.1698,1.80E+01
1198,325,9153,248.25,-0.008,0.324,1.80E+01
1199,301,9706,245.35,-0.005,0.3087,1.70E+01
12,789,2138,298.95,0.004,0.2469,1.60E+01
120,750,2601,295.95,-0.005,0.216,1.70E+01
1200,300,9730,245.25,-0.004,0,1.70E+01
1201,285,10098,242.55,-0.007,0.0771,1.80E+01
1202,280,10225,241.65,-0.007,0.1236,1.80E+01
1203,250,11020,235.05,-0.008,0.0618,1.80E+01
1204,237,11385,231.65,-0.009,0.1698,1.90E+01
1205,234,11471,231.15,-0.006,0.1851,1.70E+01
1206,217,11979,228.05,-0.006,0.1851,1.70E+01
1207,200,12520,225.05,-0.006,0.2007,1.70E+01
121,719,2964,293.05,-0.008,0.2622,1.70E+01
122,700,3194,291.15,-0.008,0.3396,1.70E+01
123,568,4930,274.55,-0.01,0.0462,2.00E+01
124,503,5893,265.35,-0.01,0.0462,2.00E+01
125,500,5940,264.85,-0.011,0,1.80E+01
126,466,6479,259.55,-0.01,0.0309,2.00E+01
127,464,6512,259.25,-0.009,0.9414,1.70E+01
128,456,6644,258.45,-0.006,0.6945,1.60E+01
129,450,6744,261.65,0.032,0.7716,1.40E+01
13,765,2405,296.85,-0.008,0.1698,1.70E+01
130,446,6813,262.45,0.012,0.6636,1.50E+01
131,435,7003,261.15,-0.007,0.7254,1.70E+01
132,419,7288,259.15,-0.007,0.324,1.70E+01
133,418,7306,259.05,-0.006,0.8643,1.60E+01
134,415,7361,260.05,0.018,0.2778,1.50E+01
135,403,7583,259.85,-0.001,0.4938,1.60E+01
136,400,7640,259.85,0,0.54,1.60E+01
137,393,7774,259.45,-0.003,0.5709,1.60E+01
138,381,8009,258.85,-0.003,0.2007,1.70E+01
139,371,8207,257.55,-0.007,0.1542,1.70E+01
14,736,2740,294.25,-0.008,0.1389,1.70E+01
140,310,9538,248.85,-0.007,0.108,1.80E+01
141,301,9756,247.45,-0.006,0.2778,1.70E+01
142,300,9780,247.25,-0.008,0.648,1.70E+01
143,295,9899,246.15,-0.009,0,1.90E+01
144,282,10220,243.25,-0.009,0,1.90E+01
145,260,10797,238.05,-0.009,0.0309,1.90E+01
146,250,11070,236.65,-0.005,0.0618,1.70E+01
147,248,11125,236.35,-0.005,0,1.70E+01
148,241,11323,235.45,-0.005,0,1.70E+01
149,228,11697,232.35,-0.008,0.0462,1.80E+01
15,718,2954,292.65,-0.007,0,1.70E+01
150,214,12124,228.85,-0.008,0.1389,1.80E+01
151,1000,39,316.35,-0.044,0.5709,1.40E+01
152,998,58,316.05,-0.016,0.8178,1.50E+01
153,970,321,311.95,-0.016,0.0618,1.60E+01
154,925,754,307.75,-0.01,0.0309,1.90E+01
155,917,832,307.05,-0.009,0.2007,1.80E+01
156,902,979,305.55,-0.01,0.108,1.90E+01
157,859,1416,301.35,-0.01,0.1389,1.90E+01
158,855,1458,300.95,-0.01,0,1.90E+01
159,850,1510,300.75,-0.004,0.2931,1.60E+01
16,700,3174,290.95,-0.008,0.3549,1.70E+01
160,847,1541,300.55,-0.006,0.4938,1.60E+01
161,824,1782,299.25,-0.005,0,1.70E+01
162,802,2019,297.85,-0.006,0.2622,1.70E+01
163,772,2352,296.05,-0.005,0,1.70E+01
164,768,2398,295.75,-0.007,0,1.70E+01
165,726,2883,293.15,-0.005,0.1542,1.70E+01
166,700,3195,290.15,-0.01,0.1542,1.90E+01
167,683,3401,288.25,-0.009,0.1542,1.80E+01
168,624,4156,281.25,-0.009,0.2007,1.80E+01
169,607,4387,279.15,-0.009,0.0618,1.80E+01
17,696,3223,290.65,-0.006,0,1.70E+01
170,595,4548,277.75,-0.009,0,1.80E+01
171,557,5079,273.25,-0.008,0.0309,1.80E+01
172,547,5225,271.95,-0.009,0.324,1.80E+01
173,529,5494,269.65,-0.009,0.1698,1.80E+01
174,524,5569,269.45,-0.003,0.2007,1.60E+01
175,517,5676,269.85,0.004,0.1389,1.60E+01
176,514,5722,269.75,-0.002,0.3396,1.60E+01
177,501,5924,269.45,-0.001,0.1542,1.60E+01
178,500,5940,269.45,0,0,1.60E+01
179,496,6003,269.45,0,0,1.60E+01
18,679,3433,289.55,-0.005,0.2931,1.60E+01
180,478,6293,268.05,-0.005,0.0462,1.70E+01
181,472,6392,267.25,-0.008,0,1.80E+01
182,463,6542,266.45,-0.005,0,1.70E+01
183,459,6609,265.85,-0.009,0,1.90E+01
184,434,7041,261.85,-0.009,0.108,1.80E+01
185,429,7129,261.05,-0.009,0.1698,1.80E+01
186,428,7147,260.95,-0.006,0,1.70E+01
187,414,7400,258.95,-0.008,0.3705,1.70E+01
188,413,7418,258.85,-0.006,0.8643,1.60E+01
189,412,7436,258.65,-0.011,0.8643,1.70E+01
19,659,3676,287.25,-0.009,0.2469,1.80E+01
190,410,7473,259.05,0.011,0.8334,1.50E+01
191,405,7566,259.65,0.006,0.8334,1.50E+01
192,404,7585,259.55,-0.005,0.8178,1.60E+01
193,401,7641,259.25,-0.005,0,1.70E+01
194,400,7660,259.25,0,0,1.60E+01
195,394,7774,258.55,-0.006,0.2778,1.70E+01
196,353,8600,253.65,-0.006,0.0927,1.70E+01
197,340,8880,253.85,0.001,0.0618,1.60E+01
198,321,9304,251.15,-0.006,0.108,1.70E+01
199,311,9538,249.65,-0.006,0.1389,1.70E+01
2,991,107,307.35,0.059,0.1851,1.40E+01
20,564,4941,275.05,-0.01,0.0771,2.00E+01
200,300,9800,247.05,-0.01,0.1236,2.00E+01
201,269,10578,239.85,-0.009,0,1.90E+01
202,250,11090,236.85,-0.006,0,1.80E+01
203,245,11230,236.45,-0.003,0.216,1.70E+01
204,233,11569,233.75,-0.008,0.1851,1.80E+01
205,219,11987,230.35,-0.008,0.1542,1.80E+01
206,206,12400,227.05,-0.008,0.0309,1.80E+01
207,200,12600,225.45,-0.008,0,1.80E+01
208,168,13713,215.55,-0.009,0.0618,1.90E+01
209,1000,30,303.75,0.011,0,1.50E+01
21,506,5823,266.55,-0.01,0,2.00E+01
210,994,84,307.65,0.072,2.0061,1.10E+01
211,992,102,308.95,0.072,0,1.40E+01
212,968,326,309.75,0.004,0.2778,1.50E+01
213,952,477,308.75,-0.007,0.2007,1.70E+01
214,925,738,307.15,-0.006,0.3549,1.60E+01
215,909,894,305.95,-0.008,0,1.80E+01
216,852,1473,301.35,-0.008,0.0462,1.80E+01
217,850,1494,301.15,-0.01,0,1.90E+01
218,807,1949,297.15,-0.009,0.0309,1.80E+01
219,791,2125,295.55,-0.009,0.2622,1.80E+01
22,500,5920,265.65,-0.009,0,1.90E+01
220,787,2169,295.15,-0.009,0.3549,1.80E+01
221,773,2325,295.55,0.003,0.0927,1.60E+01
222,768,2381,295.05,-0.009,0.2778,1.80E+01
223,743,2667,292.55,-0.009,0.1542,1.80E+01
224,732,2794,291.75,-0.006,0.1236,1.70E+01
225,700,3176,289.35,-0.006,0.2007,1.70E+01
226,697,3212,289.35,0,0,1.60E+01
227,675,3480,286.85,-0.009,0.108,1.80E+01
228,658,3692,284.95,-0.009,0,1.80E+01
229,612,4296,279.35,-0.009,0.0462,1.80E+01
23,496,5982,265.05,-0.01,0.4938,1.90E+01
230,611,4310,279.25,-0.007,0,1.70E+01
231,587,4635,277.35,-0.006,0.0927,1.70E+01
232,563,4973,275.45,-0.006,0.1389,1.70E+01
233,550,5163,274.35,-0.006,0.0771,1.70E+01
234,529,5473,271.75,-0.008,0.0462,1.80E+01
235,510,5764,269.25,-0.009,0.0462,1.80E+01
236,500,5920,269.85,0.004,0.2007,1.60E+01
237,498,5952,270.05,0.006,0.4785,1.50E+01
238,487,6125,268.75,-0.008,0.2622,1.80E+01
239,466,6468,266.05,-0.008,0.2316,1.80E+01
24,493,6029,264.65,-0.009,0.324,1.80E+01
240,458,6602,265.05,-0.007,0.108,1.70E+01
241,435,7002,261.95,-0.008,0.2007,1.80E+01
242,422,7238,260.15,-0.008,0.2007,1.80E+01
243,410,7462,258.45,-0.008,0.2778,1.80E+01
244,402,7612,259.25,0.005,0.3087,1.60E+01
245,400,7650,259.25,0,0.4011,1.60E+01
246,394,7764,258.95,-0.003,0.54,1.60E+01
247,381,8018,258.15,-0.003,0.6018,1.60E+01
248,359,8467,256.85,-0.003,0.0309,1.70E+01
249,300,9790,246.25,-0.008,0.0153,1.80E+01
25,481,6219,263.55,-0.006,0.4011,1.70E+01
250,279,10305,241.25,-0.01,0.0618,2.00E+01
251,276,10381,240.45,-0.011,0.2007,1.80E+01
252,259,10825,238.65,-0.004,0.2469,1.70E+01
253,250,11070,237.25,-0.006,0.3087,1.70E+01
254,247,11154,237.05,-0.002,0.1851,1.70E+01
255,246,11181,236.85,-0.007,0.5709,1.70E+01
256,1000,27,314.95,-0.053,0,1.50E+01
257,998,46,313.55,-0.074,0.8178,1.30E+01
258,983,184,312.25,-0.009,0.8952,1.70E+01
259,938,613,308.15,-0.01,0.108,1.90E+01
26,471,6381,262.65,-0.006,0.1851,1.70E+01
260,925,741,306.95,-0.009,0.2469,1.80E+01
261,907,918,306.75,-0.001,0,1.60E+01
262,895,1037,305.65,-0.009,0,1.80E+01
263,873,1260,303.65,-0.009,0.1389,1.80E+01
264,850,1498,301.55,-0.009,0.1236,1.80E+01
265,844,1560,301.15,-0.006,0.2469,1.70E+01
266,743,2670,293.55,-0.007,0.1542,1.70E+01
267,714,3016,291.15,-0.007,0.1389,1.70E+01
268,700,3185,289.55,-0.009,0.0927,1.80E+01
269,560,5024,273.85,-0.009,0.0771,1.80E+01
27,465,6480,262.05,-0.006,0,1.70E+01
270,552,5143,272.85,-0.008,0.2622,1.70E+01
271,545,5245,273.15,0.003,0.3087,1.60E+01
272,543,5274,273.05,-0.003,0,1.70E+01
273,513,5726,270.95,-0.005,0,1.70E+01
274,500,5930,270.05,-0.004,0,1.70E+01
275,475,6334,268.25,-0.004,0,1.70E+01
276,465,6501,267.45,-0.005,0.0927,1.70E+01
277,460,6585,266.75,-0.008,0.1851,1.80E+01
278,432,7068,262.65,-0.008,0.0618,1.80E+01
279,422,7248,261.15,-0.008,0.1698,1.80E+01
28,453,6681,262.85,0.004,0,1.60E+01
280,400,7660,257.65,-0.008,0,1.80E+01
281,397,7716,257.15,-0.009,0,1.90E+01
282,388,7888,255.55,-0.009,0,1.90E+01
283,384,7966,254.85,-0.009,0,1.90E+01
284,382,8005,255.85,0.026,0,1.50E+01
285,379,8064,257.45,0.027,0,1.50E+01
286,378,8084,257.65,0.01,0,1.60E+01
287,347,8724,255.05,-0.004,0.0771,1.70E+01
288,300,9790,246.25,-0.008,0.0618,1.80E+01
289,272,10489,240.25,-0.009,0.0462,1.90E+01
29,452,6698,262.95,0.006,0,1.60E+01
290,250,11080,237.05,-0.005,0.0309,1.70E+01
291,242,11305,235.45,-0.007,0,1.80E+01
292,200,12590,225.25,-0.008,0.0309,1.80E+01
293,1000,36,305.35,0.175,3.21,9.00E+00
294,989,136,306.75,0.014,0.3087,1.50E+01
295,983,191,307.15,0.007,0.2778,1.50E+01
296,970,312,307.55,0.003,0.2622,1.50E+01
297,961,396,306.65,-0.011,0.1851,1.80E+01
298,960,406,306.55,-0.01,0,1.90E+01
299,929,702,307.15,0.002,0.216,1.60E+01
3,986,153,307.75,0.009,0.3396,1.50E+01
30,449,6749,263.05,0.002,0.6018,1.50E+01
300,925,741,307.15,0,0,1.60E+01
301,891,1076,304.55,-0.008,0.1389,1.70E+01
302,863,1361,302.35,-0.008,0.108,1.70E+01
303,850,1497,301.35,-0.007,0.108,1.70E+01
304,832,1685,300.15,-0.006,0.2469,1.70E+01
305,800,2029,297.95,-0.006,0.2622,1.70E+01
306,776,2296,296.25,-0.006,0.108,1.70E+01
307,764,2432,295.35,-0.007,0,1.70E+01
308,700,3182,288.35,-0.009,0.0618,1.80E+01
309,623,4151,279.45,-0.009,0.0153,1.80E+01
31,427,7133,260.85,-0.006,0.648,1.60E+01
310,611,4313,277.95,-0.009,0.2931,1.80E+01
311,609,4340,277.85,-0.004,0.5709,1.60E+01
312,607,4367,277.75,-0.004,0,1.70E+01
313,602,4434,278.15,0.006,0.2316,1.60E+01
314,583,4695,277.25,-0.003,0.1236,1.60E+01
315,566,4936,276.35,-0.004,0.0618,1.70E+01
316,556,5080,275.75,-0.004,0,1.70E+01
317,525,5539,272.85,-0.006,0.0618,1.70E+01
318,500,5930,270.45,-0.006,0.0462,1.70E+01
319,484,6186,268.85,-0.006,0.0618,1.70E+01
32,412,7406,259.25,-0.006,0.4011,1.70E+01
320,468,6448,267.25,-0.006,0.0618,1.70E+01
321,455,6668,265.85,-0.006,0.0771,1.70E+01
322,400,7650,256.25,-0.01,0.0618,2.00E+01
323,390,7840,254.45,-0.009,0,1.90E+01
324,387,7898,254.45,0,0,1.60E+01
325,382,7996,258.45,0.041,0,1.50E+01
326,367,8299,258.05,-0.001,0.0462,1.70E+01
327,300,9790,245.65,-0.008,0.0153,1.80E+01
328,287,10105,243.05,-0.008,0.0927,1.80E+01
329,268,10584,239.95,-0.006,0.0927,1.70E+01
33,409,7462,259.05,-0.004,0.5556,1.60E+01
330,250,11070,236.85,-0.006,0.1542,1.70E+01
331,220,11944,230.65,-0.007,0.0309,1.80E+01
332,200,12580,225.25,-0.008,0.0462,1.80E+01
333,1000,32,314.75,-0.06,2.3148,1.20E+01
334,997,60,312.95,-0.064,0,1.50E+01
335,968,329,310.35,-0.01,0.0618,1.90E+01
336,938,617,307.55,-0.01,0.0462,1.90E+01
337,925,744,306.35,-0.009,0.2469,1.80E+01
338,910,891,304.95,-0.01,0.108,1.90E+01
339,881,1182,302.05,-0.01,0.108,1.90E+01
34,400,7630,258.45,-0.004,0.3705,1.60E+01
340,878,1212,301.75,-0.01,0,1.90E+01
341,850,1500,300.15,-0.006,0.108,1.70E+01
342,839,1614,299.35,-0.007,0.2778,1.70E+01
343,783,2219,294.95,-0.007,0.1236,1.70E+01
344,715,3000,289.95,-0.006,0.1389,1.70E+01
345,703,3144,288.85,-0.008,0.108,1.80E+01
346,700,3180,288.55,-0.008,0.432,1.70E+01
347,657,3708,283.65,-0.009,0.2316,1.80E+01
348,648,3822,282.55,-0.01,0,2.00E+01
349,622,4163,279.35,-0.009,0,1.80E+01
35,397,7686,258.15,-0.005,0.2778,1.70E+01
350,528,5482,272.55,-0.005,0,1.70E+01
351,500,5920,270.25,-0.005,0.0309,1.70E+01
352,492,6048,269.45,-0.006,0.2469,1.70E+01
353,474,6336,267.25,-0.008,0.324,1.70E+01
354,464,6501,266.05,-0.007,0.2778,1.70E+01
355,452,6704,264.55,-0.007,0.1542,1.70E+01
356,437,6965,262.55,-0.008,0.0618,1.80E+01
357,400,7650,257.45,-0.007,0.108,1.70E+01
358,398,7688,257.05,-0.011,0,1.80E+01
359,393,7783,256.25,-0.008,0.1698,1.80E+01
36,351,8609,253.75,-0.005,0.1236,1.70E+01
360,383,7978,259.05,0.014,0.2316,1.50E+01
361,379,8058,259.25,0.002,0,1.60E+01
362,375,8138,259.25,0,0.2007,1.60E+01
363,372,8198,258.75,-0.008,0.2622,1.80E+01
364,315,9431,248.45,-0.008,0.1236,1.80E+01
365,304,9694,246.25,-0.008,0.1698,1.80E+01
366,300,9790,245.65,-0.006,0.1542,1.70E+01
367,264,10692,240.25,-0.006,0.0153,1.80E+01
368,250,11070,237.05,-0.008,0.0462,1.80E+01
369,200,12580,225.85,-0.007,0.0462,1.80E+01
37,344,8760,253.05,-0.005,0.108,1.70E+01
370,1000,27,301.95,0.04,4.1205,9.00E+00
371,995,72,304.35,0.053,0.3396,1.40E+01
372,994,81,304.35,0,0,1.60E+01
373,950,491,308.55,0.01,0.3087,1.50E+01
374,937,615,308.15,-0.003,0.2469,1.60E+01
375,925,732,307.35,-0.007,0.2622,1.70E+01
376,850,1488,301.35,-0.008,0.1236,1.70E+01
377,826,1736,299.35,-0.008,0.1236,1.70E+01
378,796,2056,296.85,-0.008,0.2931,1.70E+01
379,767,2378,294.25,-0.008,0.2469,1.70E+01
38,314,9429,247.75,-0.008,0.1389,1.80E+01
380,754,2526,293.05,-0.008,0,1.80E+01
381,704,3120,288.35,-0.008,0.0462,1.80E+01
382,700,3169,287.95,-0.008,0.3087,1.70E+01
383,697,3205,287.65,-0.008,0.432,1.70E+01
384,678,3438,285.55,-0.009,0.0618,1.80E+01
385,598,4478,278.35,-0.007,0.0618,1.70E+01
386,519,5620,272.35,-0.005,0.0618,1.70E+01
387,503,5872,271.05,-0.005,0.1851,1.70E+01
388,500,5920,270.65,-0.008,0.324,1.70E+01
389,458,6606,264.65,-0.009,0.0618,1.90E+01
39,311,9500,247.25,-0.007,0.216,1.70E+01
390,440,6915,261.85,-0.009,0.0927,1.80E+01
391,433,7038,261.65,-0.002,0,1.70E+01
392,424,7198,260.75,-0.006,0.0927,1.70E+01
393,415,7362,259.85,-0.005,0.0927,1.70E+01
394,410,7453,258.95,-0.01,0.1698,2.00E+01
395,404,7565,257.85,-0.01,0.2778,1.90E+01
396,400,7640,258.65,0.011,0.2007,1.60E+01
397,396,7716,259.05,0.005,0.4011,1.60E+01
398,387,7891,259.95,0.005,0.6174,1.50E+01
399,384,7950,260.25,0.005,0.2622,1.60E+01
4,957,423,307.55,-0.001,0.2931,1.60E+01
40,300,9760,246.05,-0.005,0.1851,1.70E+01
400,377,8087,259.15,-0.008,0.4476,1.70E+01
401,342,8809,253.35,-0.008,0.1542,1.80E+01
402,313,9466,248.15,-0.008,0.0771,1.80E+01
403,300,9780,245.65,-0.008,0.0462,1.80E+01
404,296,9875,244.85,-0.008,0.1698,1.80E+01
405,288,10070,243.25,-0.008,0.0771,1.80E+01
406,278,10321,241.25,-0.008,0.0618,1.80E+01
407,274,10422,240.55,-0.007,0.4629,1.70E+01
408,250,11060,236.45,-0.006,0.1389,1.70E+01
409,225,11782,231.85,-0.006,0.0462,1.80E+01
41,285,10123,243.15,-0.008,0.0462,1.80E+01
410,218,11994,230.05,-0.008,0,1.80E+01
411,200,12570,225.25,-0.008,0.1389,1.80E+01
412,993,78,312.95,-0.039,0.2316,1.50E+01
413,938,602,307.95,-0.01,0.1236,1.90E+01
414,925,730,306.75,-0.009,0.2469,1.80E+01
415,918,799,306.05,-0.01,0,1.90E+01
416,907,908,304.95,-0.01,0,1.90E+01
417,894,1037,303.85,-0.009,0.1236,1.80E+01
418,866,1322,301.55,-0.008,0.0618,1.70E+01
419,850,1487,300.35,-0.007,0.0927,1.70E+01
42,254,10938,236.75,-0.008,0.0618,1.80E+01
420,844,1550,299.85,-0.008,0.2469,1.70E+01
421,834,1655,298.95,-0.009,0.2931,1.80E+01
422,828,1718,299.55,0.01,0.2469,1.50E+01
423,826,1739,299.35,-0.01,0,1.90E+01
424,700,3167,288.35,-0.008,0.0462,1.80E+01
425,658,3685,283.55,-0.009,0.0927,1.80E+01
426,629,4051,281.35,-0.006,0.0771,1.70E+01
427,617,4208,280.45,-0.006,0.0927,1.70E+01
428,519,5614,272.25,-0.006,0.0153,1.70E+01
429,500,5910,269.85,-0.008,0,1.80E+01
43,250,11050,235.85,-0.008,0,1.80E+01
430,457,6614,264.05,-0.008,0.2007,1.80E+01
431,442,6871,262.25,-0.007,0.3549,1.70E+01
432,424,7191,262.05,-0.001,0.3858,1.60E+01
433,416,7338,263.85,0.012,0.3087,1.50E+01
434,414,7375,263.85,0,0,1.60E+01
435,412,7412,263.55,-0.008,0.4167,1.70E+01
436,400,7640,262.05,-0.007,0.2778,1.70E+01
437,390,7830,260.45,-0.008,0.324,1.80E+01
438,359,8452,255.35,-0.008,0.0462,1.80E+01
439,335,8971,251.15,-0.008,0.0309,1.80E+01
44,246,11161,235.35,-0.005,0.1389,1.70E+01
440,328,9130,249.85,-0.008,0.0927,1.80E+01
441,327,9153,249.65,-0.009,0,1.90E+01
442,303,9708,246.85,-0.005,0.2778,1.70E+01
443,300,9780,246.45,-0.006,0.216,1.70E+01
444,294,9925,245.85,-0.004,0,1.70E+01
445,250,11070,236.85,-0.008,0.0462,1.80E+01
446,200,12580,225.25,-0.008,0.0462,1.80E+01
447,197,12678,224.45,-0.008,0.1542,1.80E+01
448,997,39,302.15,0.03,3.426,1.00E+01
449,992,85,303.55,0.03,0.3396,1.40E+01
45,242,11273,234.85,-0.004,0.2778,1.70E+01
450,984,158,307.95,0.06,0.216,1.40E+01
451,973,262,309.15,0.012,0.1542,1.50E+01
452,968,309,309.15,0,0,1.60E+01
453,955,433,308.55,-0.005,0.2469,1.60E+01
454,925,726,307.15,-0.005,0.2622,1.60E+01
455,913,844,306.55,-0.005,0.1236,1.70E+01
456,861,1366,301.95,-0.009,0.1236,1.80E+01
457,850,1481,300.95,-0.009,0.2622,1.80E+01
458,849,1491,300.85,-0.01,0,1.90E+01
459,802,1991,296.75,-0.008,0.1851,1.70E+01
46,237,11413,233.65,-0.009,0.216,1.90E+01
460,749,2579,292.65,-0.007,0.1851,1.70E+01
461,700,3160,288.55,-0.007,0.1542,1.70E+01
462,697,3196,288.25,-0.008,0,1.80E+01
463,682,3380,286.55,-0.009,0.0771,1.80E+01
464,622,4134,281.55,-0.007,0.108,1.70E+01
465,525,5523,272.45,-0.007,0.0153,1.70E+01
466,500,5910,268.85,-0.009,0.0462,1.80E+01
467,483,6177,266.45,-0.009,0.1698,1.80E+01
468,464,6487,263.55,-0.009,0.0462,1.90E+01
469,442,6862,260.15,-0.009,0.0462,1.90E+01
47,225,11761,230.75,-0.008,0.0927,1.80E+01
470,434,7003,258.85,-0.009,0.108,1.80E+01
471,430,7074,263.25,0.062,0.216,1.40E+01
472,420,7255,262.85,-0.002,0.1698,1.60E+01
473,400,7630,262.05,-0.002,0.0771,1.70E+01
474,389,7841,260.35,-0.008,0,1.80E+01
475,351,8618,254.15,-0.008,0.0618,1.80E+01
476,348,8682,253.65,-0.008,0,1.80E+01
477,325,9183,250.35,-0.007,0.0618,1.80E+01
478,300,9770,246.45,-0.007,0.2622,1.70E+01
479,287,10089,244.45,-0.006,0.0927,1.70E+01
48,208,12287,226.45,-0.008,0.0309,1.80E+01
480,285,10138,244.05,-0.008,0,1.80E+01
481,250,11060,236.05,-0.009,0.0618,1.90E+01
482,218,11990,228.45,-0.008,0.0462,1.80E+01
483,201,12527,224.85,-0.007,0.0618,1.80E+01
484,1000,26,317.15,-0.014,0,1.70E+01
485,992,101,315.15,-0.027,0.2007,1.50E+01
486,979,222,313.85,-0.011,0.2622,1.80E+01
487,945,546,310.25,-0.011,0.0927,1.80E+01
488,925,742,308.15,-0.011,0,1.80E+01
489,858,1415,301.75,-0.01,0.0153,1.90E+01
49,200,12550,224.25,-0.008,0.1236,1.80E+01
490,850,1499,300.95,-0.01,0,1.90E+01
491,830,1709,298.95,-0.01,0.2931,1.90E+01
492,826,1751,298.55,-0.01,0.3705,1.90E+01
493,823,1783,298.55,0,0,1.60E+01
494,819,1826,299.55,0.023,0.3549,1.50E+01
495,809,1933,298.95,-0.006,0.1389,1.70E+01
496,777,2286,296.95,-0.006,0.3549,1.70E+01
497,768,2386,295.95,-0.01,0.3087,1.90E+01
498,700,3181,288.35,-0.01,0.1698,1.90E+01
499,661,3660,284.45,-0.008,0.0618,1.80E+01
5,952,471,307.55,0,0.324,1.60E+01
50,190,12885,221.25,-0.009,0.1389,1.90E+01
500,639,3943,282.15,-0.008,0.108,1.80E+01
501,620,4192,279.95,-0.009,0.1236,1.80E+01
502,566,4929,275.05,-0.007,0.1236,1.70E+01
503,537,5354,272.25,-0.007,0.0309,1.70E+01
504,532,5429,272.65,0.005,0,1.60E+01
505,500,5920,268.25,-0.009,0.0309,1.80E+01
506,498,5951,267.95,-0.01,1.0032,1.80E+01
507,478,6268,265.05,-0.009,0.2007,1.80E+01
508,450,6735,260.85,-0.009,0.0618,1.80E+01
509,447,6786,263.65,0.055,0,1.50E+01
51,188,12953,220.85,-0.006,0.2316,1.70E+01
510,430,7084,263.45,-0.001,0.108,1.60E+01
511,415,7358,263.25,-0.001,0.2778,1.60E+01
512,413,7395,263.25,0,0,1.60E+01
513,401,7621,261.55,-0.008,0,1.80E+01
514,400,7640,261.45,-0.005,0,1.70E+01
515,392,7793,260.25,-0.008,0.108,1.80E+01
516,361,8418,255.45,-0.008,0.1542,1.80E+01
517,350,8645,253.95,-0.007,0.1389,1.70E+01
518,328,9123,250.85,-0.006,0.324,1.70E+01
519,301,9756,246.65,-0.007,0.0462,1.80E+01
52,183,13127,219.85,-0.006,0.0927,1.80E+01
520,300,9780,246.45,-0.008,0,1.80E+01
521,280,10274,242.45,-0.008,0.0618,1.80E+01
522,250,11070,236.85,-0.007,0.0462,1.80E+01
523,200,12580,224.65,-0.008,0.0309,1.80E+01
524,1000,31,305.15,0.105,4.0587,8.00E+00
525,998,49,306.45,0.072,0.8643,1.30E+01
526,994,85,308.95,0.069,0.432,1.40E+01
527,990,122,309.75,0.022,0,1.50E+01
528,975,261,310.65,0.006,0.3396,1.50E+01
529,970,308,310.95,0.006,0.324,1.50E+01
53,169,13635,215.85,-0.008,0.0309,1.80E+01
530,950,499,310.35,-0.003,0.4011,1.60E+01
531,925,741,308.55,-0.007,0.3858,1.70E+01
532,892,1067,305.65,-0.009,0.2316,1.80E+01
533,850,1499,301.75,-0.009,0.1851,1.80E+01
534,760,2477,292.55,-0.009,0.0927,1.80E+01
535,745,2647,291.45,-0.006,0.0927,1.70E+01
536,719,2950,289.45,-0.007,0.1542,1.70E+01
537,710,3058,288.75,-0.006,0.2931,1.70E+01
538,706,3106,289.05,0.006,0.324,1.50E+01
539,705,3118,289.15,0.008,0,1.60E+01
54,163,13863,214.05,-0.008,0.0618,1.80E+01
540,700,3178,288.95,-0.003,0.5094,1.60E+01
541,696,3225,288.55,-0.009,0.324,1.80E+01
542,662,3633,285.25,-0.008,0.1851,1.70E+01
543,626,4089,281.65,-0.008,0.2007,1.70E+01
544,579,4725,276.45,-0.008,0.0462,1.80E+01
545,565,4924,274.85,-0.008,0.3087,1.70E+01
546,539,5308,271.75,-0.008,0.2778,1.70E+01
547,506,5823,267.65,-0.008,0.2469,1.70E+01
548,500,5920,266.85,-0.008,0,1.80E+01
549,453,6678,259.85,-0.009,0.0618,1.80E+01
55,160,13979,213.25,-0.007,0.1389,1.80E+01
550,445,6814,261.45,0.012,0.108,1.60E+01
551,436,6970,263.25,0.012,0.0927,1.60E+01
552,430,7077,263.25,0,0,1.60E+01
553,423,7203,263.25,0,0.1236,1.60E+01
554,407,7497,261.55,-0.006,0.108,1.70E+01
555,400,7630,260.85,-0.005,0.3549,1.70E+01
556,378,8059,258.45,-0.006,0.0309,1.70E+01
557,370,8221,257.65,-0.005,0.1851,1.70E+01
558,365,8325,257.05,-0.006,0,1.70E+01
559,327,9142,250.65,-0.008,0.0771,1.80E+01
56,157,14097,212.55,-0.006,0,1.80E+01
560,300,9770,246.65,-0.006,0.0462,1.70E+01
561,287,10088,244.25,-0.008,0.0462,1.80E+01
562,263,10703,239.45,-0.008,0.0309,1.80E+01
563,250,11060,236.65,-0.008,0,1.80E+01
564,225,11773,230.85,-0.008,0.1698,1.80E+01
565,200,12570,224.45,-0.008,0.0771,1.80E+01
566,1000,37,316.35,-0.04,0.6174,1.40E+01
567,991,121,313.75,-0.031,0.1851,1.50E+01
568,974,280,312.35,-0.009,0.2931,1.80E+01
569,962,394,311.35,-0.009,0,1.80E+01
570,946,547,309.95,-0.009,0,1.80E+01
571,925,752,307.95,-0.01,0.1542,1.90E+01
572,898,1018,306.05,-0.007,0.0618,1.70E+01
573,877,1230,304.55,-0.007,0.2931,1.70E+01
574,850,1511,302.55,-0.007,0.1698,1.70E+01
575,714,3021,289.05,-0.009,0.0771,1.80E+01
576,700,3193,287.55,-0.009,0.1851,1.80E+01
577,692,3290,286.55,-0.01,0.324,1.90E+01
578,648,3830,282.35,-0.008,0.2931,1.70E+01
579,638,3958,281.35,-0.008,0.2469,1.70E+01
580,589,4616,276.25,-0.008,0.1698,1.80E+01
581,575,4814,274.75,-0.008,0.3087,1.70E+01
582,559,5039,272.75,-0.009,0.2778,1.80E+01
583,545,5242,270.95,-0.009,0.0771,1.80E+01
584,538,5345,270.05,-0.009,0.6018,1.80E+01
585,535,5389,269.85,-0.005,0.6945,1.60E+01
586,528,5493,269.45,-0.004,0.4476,1.60E+01
587,523,5568,268.75,-0.009,0.6174,1.80E+01
588,504,5858,265.85,-0.01,0.108,2.00E+01
589,500,5920,265.45,-0.006,0,1.70E+01
590,478,6269,262.65,-0.008,0.1698,1.80E+01
591,473,6350,262.05,-0.007,0.1851,1.70E+01
592,467,6448,261.15,-0.009,0.1542,1.80E+01
593,465,6481,260.85,-0.009,0,1.90E+01
594,456,6631,259.65,-0.008,0.108,1.80E+01
595,455,6647,259.45,-0.013,0,1.70E+01
596,449,6749,260.65,0.012,0,1.60E+01
597,448,6766,260.65,0,0,1.60E+01
598,447,6783,261.35,0.041,0,1.50E+01
599,445,6817,262.65,0.038,0,1.50E+01
6,925,730,306.15,-0.005,0.4785,1.60E+01
600,427,7136,264.05,0.004,0.2007,1.60E+01
601,416,7338,262.95,-0.005,0.2316,1.70E+01
602,400,7640,261.25,-0.006,0.1542,1.70E+01
603,392,7793,260.35,-0.006,0.4011,1.70E+01
604,380,8028,258.85,-0.006,0.0618,1.70E+01
605,375,8128,258.25,-0.006,0.1542,1.70E+01
606,355,8543,255.65,-0.006,0.0309,1.70E+01
607,350,8648,254.85,-0.008,0,1.80E+01
608,300,9780,246.05,-0.008,0.0771,1.80E+01
609,263,10717,238.85,-0.008,0.0153,1.80E+01
61,978,234,309.85,-0.009,0.7098,1.70E+01
610,250,11070,236.25,-0.007,0,1.80E+01
611,200,12570,224.45,-0.008,0.0309,1.80E+01
612,1000,42,303.95,0.087,2.5773,1.10E+01
613,998,60,306.75,0.156,0,1.40E+01
614,991,124,309.55,0.044,0.2469,1.40E+01
615,981,216,310.15,0.007,0.3396,1.50E+01
616,972,300,311.15,0.012,0.1851,1.50E+01
617,967,348,311.15,0,0.324,1.60E+01
618,940,606,309.25,-0.007,0.2469,1.70E+01
619,925,752,308.15,-0.008,0.4167,1.70E+01
62,925,742,305.15,-0.009,0.0927,1.80E+01
620,895,1048,305.75,-0.008,0.1542,1.70E+01
621,850,1510,301.95,-0.008,0.0309,1.80E+01
622,834,1677,300.45,-0.009,0.0927,1.80E+01
623,802,2022,297.45,-0.009,0.1389,1.80E+01
624,801,2033,297.35,-0.009,0,1.80E+01
625,750,2599,293.25,-0.007,0.1389,1.70E+01
626,734,2785,291.85,-0.008,0,1.80E+01
627,712,3047,289.95,-0.007,0.2316,1.70E+01
628,707,3107,289.35,-0.01,0.2622,1.90E+01
629,700,3191,288.55,-0.01,0.7407,1.90E+01
63,919,801,304.25,-0.015,0.2622,1.60E+01
630,683,3396,286.85,-0.008,0.0771,1.80E+01
631,650,3810,283.35,-0.008,0.2622,1.70E+01
632,637,3978,281.95,-0.008,0.0927,1.80E+01
633,628,4097,280.95,-0.008,0.2622,1.70E+01
634,623,4163,281.15,0.003,0.2316,1.60E+01
635,621,4189,280.95,-0.008,0,1.80E+01
636,597,4505,277.85,-0.01,0,2.00E+01
637,575,4806,274.95,-0.01,0.1542,1.90E+01
638,532,5429,268.95,-0.01,0.0771,2.00E+01
639,517,5658,266.65,-0.01,0.1389,2.00E+01
64,917,820,303.95,-0.016,0,1.60E+01
640,514,5705,266.25,-0.009,0.324,1.80E+01
641,510,5766,265.95,-0.005,0.2469,1.70E+01
642,501,5904,265.35,-0.004,0.4476,1.60E+01
643,500,5920,265.25,-0.006,0,1.70E+01
644,481,6219,262.85,-0.008,0.2622,1.70E+01
645,475,6315,262.55,-0.003,0.324,1.60E+01
646,448,6764,261.35,-0.003,0.2778,1.60E+01
647,441,6885,261.05,-0.002,0.5094,1.60E+01
648,436,6972,261.25,0.002,0.5247,1.60E+01
649,421,7240,261.85,0.002,0.1698,1.60E+01
65,850,1495,299.75,-0.006,0.0462,1.70E+01
650,400,7630,259.85,-0.005,0.2007,1.70E+01
651,382,7974,257.55,-0.007,0,1.80E+01
652,351,8606,253.45,-0.006,0,1.70E+01
653,333,8999,250.85,-0.007,0.0462,1.80E+01
654,322,9245,249.95,-0.004,0,1.70E+01
655,310,9522,248.95,-0.004,0.3858,1.70E+01
656,309,9546,248.85,-0.004,0,1.70E+01
657,300,9760,247.05,-0.008,0.1389,1.80E+01
658,262,10718,238.85,-0.009,0.0618,1.90E+01
659,250,11050,236.05,-0.008,0.0462,1.80E+01
66,849,1505,299.75,0,0,1.60E+01
660,247,11131,235.35,-0.009,0.1851,1.90E+01
661,216,12036,227.85,-0.008,0,1.80E+01
663,1000,54,314.95,0.013,4.3365,1.00E+01
664,973,306,311.35,-0.014,0.1236,1.70E+01
665,950,525,308.15,-0.015,0.216,1.60E+01
666,925,767,305.95,-0.009,0.0618,1.80E+01
667,920,816,305.75,-0.004,0,1.70E+01
668,913,885,306.95,0.017,0.216,1.50E+01
669,850,1525,301.95,-0.008,0.1236,1.70E+01
67,824,1768,298.45,-0.005,0.2931,1.60E+01
670,828,1754,300.25,-0.007,0.2007,1.70E+01
671,802,2033,298.25,-0.007,0.216,1.70E+01
672,786,2209,296.95,-0.007,0.1698,1.70E+01
673,750,2618,293.95,-0.007,0.0309,1.70E+01
674,737,2768,292.65,-0.009,0,1.80E+01
675,728,2872,291.75,-0.009,0,1.80E+01
676,700,3207,288.75,-0.009,0.0927,1.80E+01
677,681,3434,286.85,-0.008,0.2007,1.70E+01
678,646,3870,283.05,-0.009,0.2469,1.80E+01
679,600,4480,277.85,-0.009,0.1542,1.80E+01
68,818,1832,298.15,-0.005,0,1.70E+01
680,585,4689,276.05,-0.009,0.216,1.80E+01
681,568,4932,273.95,-0.009,0.2469,1.80E+01
682,563,5002,273.35,-0.009,0.216,1.80E+01
683,554,5130,272.15,-0.009,0.3549,1.80E+01
684,536,5391,269.75,-0.009,0.1236,1.80E+01
685,515,5707,266.85,-0.009,0.0927,1.80E+01
686,505,5863,265.45,-0.009,0.0927,1.80E+01
687,500,5940,264.65,-0.01,0.2007,1.90E+01
688,493,6048,263.65,-0.009,0.5709,1.80E+01
689,483,6206,262.25,-0.009,0.2931,1.80E+01
69,805,1972,299.15,0.007,0.108,1.60E+01
690,475,6333,261.55,-0.006,0.2469,1.70E+01
691,467,6463,260.85,-0.005,0.7098,1.60E+01
692,462,6545,261.55,0.009,0.7563,1.50E+01
693,459,6595,262.05,0.01,0.6174,1.50E+01
694,457,6628,263.35,0.039,0.9414,1.40E+01
695,455,6662,264.65,0.038,0.4476,1.40E+01
696,450,6747,264.95,0.004,0.54,1.50E+01
697,443,6868,265.25,0.002,0.1236,1.60E+01
698,425,7186,263.05,-0.007,0.0927,1.70E+01
699,400,7650,259.85,-0.007,0.0927,1.70E+01
7,879,1185,302.55,-0.008,0.2007,1.70E+01
70,769,2371,296.75,-0.006,0.0771,1.70E+01
700,399,7669,259.75,-0.005,0,1.70E+01
701,373,8167,256.35,-0.007,0.1851,1.70E+01
702,320,9302,248.65,-0.007,0.0771,1.80E+01
703,309,9561,246.95,-0.007,0.2316,1.70E+01
704,300,9780,245.45,-0.007,0.216,1.70E+01
705,289,10047,243.35,-0.008,0.0618,1.80E+01
706,277,10349,241.05,-0.008,0.2622,1.80E+01
707,275,10401,240.65,-0.008,0,1.80E+01
708,252,11014,237.45,-0.005,0.0771,1.70E+01
709,251,11042,237.15,-0.011,0,1.90E+01
71,753,2554,295.65,-0.006,0,1.70E+01
710,250,11070,236.85,-0.011,0,1.90E+01
711,224,11808,230.45,-0.009,0,1.90E+01
712,200,12570,223.85,-0.009,0.0771,1.90E+01
713,1002,23,302.35,0.145,1.4043,1.20E+01
714,1000,46,302.55,0.009,0.6636,1.50E+01
715,996,82,305.35,0.078,0,1.40E+01
716,994,100,305.35,0,0.8643,1.50E+01
717,991,128,305.95,0.021,0,1.50E+01
718,986,173,309.15,0.071,0,1.40E+01
719,968,341,310.15,0.006,0.1851,1.50E+01
72,738,2729,294.55,-0.006,0.1698,1.70E+01
720,950,512,309.25,-0.005,0.1851,1.60E+01
721,925,754,307.95,-0.005,0.4476,1.60E+01
722,924,764,307.95,0,0,1.60E+01
723,887,1132,306.75,-0.003,0.3396,1.60E+01
724,850,1513,303.95,-0.007,0.3705,1.70E+01
725,846,1555,303.75,-0.005,0,1.70E+01
726,735,2784,292.55,-0.009,0.108,1.80E+01
727,715,3019,290.75,-0.008,0.1389,1.70E+01
728,703,3164,289.65,-0.008,0,1.80E+01
729,700,3200,289.35,-0.008,0,1.80E+01
73,700,3182,290.15,-0.01,0.1698,1.90E+01
730,686,3367,287.85,-0.009,0.3705,1.80E+01
731,656,3735,284.45,-0.009,0.1236,1.80E+01
732,640,3939,282.55,-0.009,0.2316,1.80E+01
733,631,4056,281.55,-0.009,0,1.80E+01
734,617,4241,279.85,-0.009,0.0771,1.80E+01
735,575,4822,274.55,-0.009,0.0309,1.80E+01
736,566,4953,273.35,-0.009,0.1236,1.80E+01
737,515,5697,266.45,-0.009,0.0618,1.80E+01
738,500,5930,264.25,-0.009,0.1389,1.80E+01
739,491,6070,262.85,-0.01,0.324,1.90E+01
74,651,3793,285.65,-0.007,0.1236,1.70E+01
740,488,6117,262.45,-0.009,0.324,1.80E+01
741,486,6149,262.25,-0.006,0.4785,1.70E+01
742,484,6180,263.05,0.026,0.4938,1.50E+01
743,483,6196,263.45,0.025,0,1.50E+01
744,477,6293,265.65,0.023,0.4785,1.50E+01
745,475,6325,265.65,0,0.4785,1.60E+01
746,473,6358,265.45,-0.006,0.4629,1.70E+01
747,463,6521,264.55,-0.006,0.2778,1.70E+01
748,442,6876,262.55,-0.006,0.0462,1.70E+01
749,426,7158,260.95,-0.006,0.108,1.70E+01
75,638,3963,284.35,-0.008,0.0927,1.80E+01
750,415,7358,259.85,-0.006,0.8487,1.60E+01
751,400,7640,258.25,-0.006,0.216,1.70E+01
752,393,7771,257.55,-0.005,0.5865,1.60E+01
753,381,8001,256.25,-0.006,0.3396,1.70E+01
754,316,9386,248.55,-0.006,0.0309,1.70E+01
755,302,9722,246.65,-0.006,0.0927,1.70E+01
756,300,9770,246.05,-0.013,0,1.80E+01
757,295,9888,245.15,-0.008,0.2622,1.80E+01
758,287,10081,243.75,-0.007,0.1542,1.80E+01
759,276,10355,241.65,-0.008,0,1.80E+01
76,553,5117,273.75,-0.009,0.0927,1.80E+01
760,250,11050,236.45,-0.007,0.0153,1.80E+01
761,218,11977,228.75,-0.008,0.0462,1.80E+01
762,200,12560,223.85,-0.008,0,1.80E+01
763,1000,40,317.15,-0.05,1.0956,1.30E+01
764,994,96,315.75,-0.025,0,1.60E+01
765,925,757,309.35,-0.01,0.0309,1.90E+01
766,857,1444,302.75,-0.01,0.108,1.90E+01
767,850,1517,303.55,0.011,0,1.50E+01
768,849,1528,303.95,0.036,0,1.50E+01
769,839,1631,303.05,-0.009,0.2931,1.80E+01
77,500,5930,266.25,-0.009,0.1389,1.80E+01
770,812,1915,300.35,-0.01,0.216,1.90E+01
771,795,2100,298.65,-0.009,0.1698,1.80E+01
772,781,2254,297.25,-0.009,0.4011,1.80E+01
773,735,2783,292.35,-0.009,0.0309,1.80E+01
774,719,2974,290.65,-0.009,0,1.80E+01
775,704,3158,288.95,-0.009,0.0771,1.80E+01
776,700,3206,288.75,-0.004,0,1.70E+01
777,676,3499,286.45,-0.008,0.216,1.70E+01
778,653,3790,284.15,-0.008,0.108,1.80E+01
779,645,3893,283.35,-0.008,0,1.80E+01
78,466,6473,260.65,-0.01,0.0309,2.00E+01
780,525,5559,267.65,-0.009,0.0309,1.80E+01
781,512,5755,265.85,-0.009,0,1.80E+01
782,503,5894,264.65,-0.009,0.4476,1.80E+01
783,500,5940,264.25,-0.009,0.3396,1.80E+01
784,499,5955,264.25,0,0,1.60E+01
785,493,6049,266.45,0.023,0,1.50E+01
786,429,7114,261.15,-0.005,0.0618,1.70E+01
787,423,7222,260.55,-0.006,0.432,1.70E+01
788,400,7650,258.45,-0.005,0.108,1.70E+01
789,392,7801,257.75,-0.005,0.2007,1.70E+01
79,465,6489,260.65,0,0,1.60E+01
790,376,8114,256.25,-0.005,0.0462,1.70E+01
791,361,8419,254.85,-0.005,0.108,1.70E+01
792,356,8523,254.35,-0.005,0.1542,1.70E+01
793,347,8715,253.45,-0.005,0,1.70E+01
794,328,9127,250.65,-0.007,0.0309,1.80E+01
795,311,9517,248.05,-0.007,0.0771,1.80E+01
796,304,9683,246.95,-0.007,0,1.80E+01
797,300,9780,246.25,-0.007,0.4785,1.70E+01
798,270,10525,240.35,-0.008,0.0462,1.80E+01
799,257,10875,237.55,-0.008,0.1389,1.80E+01
8,850,1484,300.15,-0.008,0,1.80E+01
80,459,6588,259.75,-0.009,0.7869,1.80E+01
800,250,11070,236.05,-0.008,0,1.80E+01
801,227,11722,230.95,-0.008,0.0462,1.80E+01
802,210,12248,226.85,-0.008,0.0309,1.80E+01
803,1000,36,302.55,0.058,3.21,1.00E+01
804,999,45,304.15,0.178,0,1.30E+01
805,995,81,309.35,0.144,0.432,1.30E+01
806,974,276,311.75,0.012,0.2316,1.50E+01
807,964,371,311.75,0,0.1698,1.60E+01
808,956,447,311.75,0,0.2007,1.60E+01
809,925,748,309.35,-0.008,0.3087,1.70E+01
81,458,6605,259.65,-0.006,0.9105,1.60E+01
810,915,846,308.75,-0.006,0.3087,1.60E+01
811,870,1301,305.75,-0.007,0.0309,1.70E+01
812,850,1509,303.75,-0.01,0,1.90E+01
813,798,2058,298.65,-0.009,0.0309,1.80E+01
814,724,2905,290.75,-0.009,0.2622,1.80E+01
815,712,3051,289.35,-0.01,0.5247,1.90E+01
